{
  "cli": {
    "version": ">= 3.0.0"
  },
  "build": {
    "development": {
      "developmentClient": true,
      "distribution": "internal",
      "ios": {
        "resourceClass": "m-medium"
      }
    },
    "preview": {
      "distribution": "internal",
      "ios": {
        "resourceClass": "m-medium"
      }
    },
    "production": {
      "ios": {
        "resourceClass": "m-medium"
      },
      "android": {
        "buildType": "apk"
      }
    }
  },
  "submit": {
    "production": {
      "ios": {
        "appleId": "",
        "ascAppId": "",
        "appleTeamId": ""
      },
      "android": {
        "serviceAccountKeyPath": ""
      }
    }
  }
}
